[  
    {
      "type": "STUUDENT",
      "id": "6309680000",
      "name":"user a"
    }, 
    {
        "type": "STUUDENT",
        "id": "6309680001",
        "name":"user b"
      },
      {
        "type": "STUUDENT",
        "id": "6309680002",
        "name":"user c"
      },
      {
        "type": "TEACHER",
        "id": "teacher1@staff.tu.ac.th",
        "name":"te a"
      },
      {
        "type": "TEACHER",
        "id": "teacher2@staff.tu.ac.th",
        "name":"te a"
      }, 
      {
        "type": "TEACHER",
        "id": "teacher2@staff.tu.ac.th",
        "name":"te a"
      }
  
]