[{"date":"2564-11-9","studentFirstName":"รุ่งรุจ","studentLastName":"เรืองรอง","studentId":"6309681689","studentYear":2,"studyField":"วิทยาการคอมพิวเตอร์","advisor":"a","addressNumber":"11/12","moo":"-","tumbol":"ดอนเมือง","amphur":"ดอนเมือง","province":"กรุงเทพ","postCode":"10210","mobilePhone":"0800000000","phone":"","cause":"ป่วย","addSubjectList":[{"subjectCode":"TU100","subjectName":"CIVIC ENGAGEMENT","subjectSection":"000001","subjectDate":"13.30-16.30","subjectCredit":"3","subjectTeacher":"a","subjectTeacherCheck":false},{"subjectCode":"TU101","subjectName":"THAILAND, ASEAN, AND THE WORLD","subjectSection":"000002","subjectDate":"09.30.12.30","subjectCredit":"3","subjectTeacher":"b","subjectTeacherCheck":false}],"dropSubjectList":[{"subjectCode":"CS264","subjectName":"INTRODUCTION TO SOFTWARE ENGINEERING","subjectSection":"000001","subjectDate":"15.00-16.30","subjectCredit":"3","subjectTeacher":"b","subjectTeacherCheck":false}]}
]