[{"date":"2564-11-21","studentFirstName":"รุ่งรุจ","studentLastName":"เรืองรอง","studentId":"6309681689","studentYear":"2","studyField":"com","advisor":"taj1","address_num":"1","moo":"2","tumbol":"donmueang","amphur":"donmueang1","mobilephone":"0802350783","phone":"","province":"กรุงเทพมหานคร","postcode":"10210","cause":"reson1","sub_addORrem":"เพิ่ม","subid":"tu100","subname":"test","subsec":"000001","subdate":"11-12","subweight":"1","subprofname":"taj2","teacheradvisorcheck":false,"teacheradvisorapprove":false,"teachersubjectcheck":false,"teachersubjectapprove":false,"authorcheck":false,"authorapprove":false,"teacheradvisorcomment":"","teachersubjectcomment":"","authorcomment":""},{"date":"2564-11-21","studentFirstName":"รุ่งรุจ","studentLastName":"เรืองรอง","studentId":"6309681689","studentYear":"2","studyField":"com","advisor":"taj2","address_num":"1","moo":"2","tumbol":"donmueang","amphur":"donmueang1","mobilephone":"0802350783","phone":"","province":"กรุงเทพมหานคร","postcode":"10210","cause":"reson1","sub_addORrem":"เพิ่ม","subid":"tu100","subname":"test","subsec":"000001","subdate":"11-12","subweight":"1","subprofname":"taj1","teacheradvisorcheck":false,"teacheradvisorapprove":false,"teachersubjectcheck":false,"teachersubjectapprove":false,"authorcheck":false,"authorapprove":false,"teacheradvisorcomment":"","teachersubjectcomment":"","authorcomment":""},{"date":"2564-11-21","studentFirstName":"รุ่งรุจ","studentLastName":"เรืองรอง","studentId":"6309681689","studentYear":"2","studyField":"com","advisor":"taj1","address_num":"1","moo":"2","tumbol":"donmueang","amphur":"donmueang1","mobilephone":"0802350783","phone":"","province":"กรุงเทพมหานคร","postcode":"10210","cause":"rrr","sub_addORrem":"เพิ่ม","subid":"tu100","subname":"test","subsec":"000001","subdate":"11-12","subweight":"1","subprofname":"taj1","teacheradvisorcheck":true,"teacheradvisorapprove":"true","teachersubjectcheck":true,"teachersubjectapprove":"true","authorcheck":false,"authorapprove":false,"teacheradvisorcomment":"qqqqqqqqqqqqqqqqqqqqqqqqqqqqq","teachersubjectcomment":"111111111111111111111111111111111111","authorcomment":""}]