[{"date":"2564-11-21","studentFirstName":"รุ่งรุจ","studentLastName":"เรืองรอง","studentId":"6309681689","studentYear":"2","studyField":"com","advisor":"ateacher1","address_num":"1","moo":"2","tumbol":"donmueang","amphur":"donmueang1","mobilephone":"0802350783","phone":"","province":"กรุงเทพมหานคร","postcode":"10210","cause":"sick off ss","sub_addORrem":"เพิ่ม","subid":"tu100","subname":"tu100test","subsec":"000001","subdate":"11-12","subweight":"3","subprofname":"steacher1","teacheradvisorcheck":false,"teacheradvisorapprove":false,"teachersubjectcheck":false,"authorcheck":false,"authorapprove":false,"teachersubjectapprove":false,"teacheradvisorcomment":"","teachersubjectcomment":"","authorcomment":""},{"date":"2564-11-21","studentFirstName":"user2","studentLastName":"test","studentId":"user2","studentYear":"1","studyField":"com","advisor":"steacher1","address_num":"1","moo":"2","tumbol":"donmueang","amphur":"donmueang1","mobilephone":"0802350783","phone":"","province":"กรุงเทพมหานคร","postcode":"10210","cause":"llll","sub_addORrem":"ถอน","subid":"tu101","subname":"tu101test","subsec":"000001","subdate":"11-12","subweight":"1","subprofname":"ateacher2","teacheradvisorcheck":false,"teacheradvisorapprove":false,"teachersubjectcheck":false,"authorcheck":false,"authorapprove":false,"teachersubjectapprove":false,"teacheradvisorcomment":"","teachersubjectcomment":"","authorcomment":""},{"date":"2564-11-21","studentFirstName":"user3","studentLastName":"rr","studentId":"user3","studentYear":"1","studyField":"com","advisor":"steacher1","address_num":"1","moo":"2","tumbol":"donmueang","amphur":"donmueang1","mobilephone":"0802350783","phone":"","province":"กรุงเทพมหานคร","postcode":"10210","cause":"bbored","sub_addORrem":"เพิ่ม","subid":"tu102","subname":"test","subsec":"000001","subdate":"11-12","subweight":"1","subprofname":"steacher1","teacheradvisorcheck":false,"teacheradvisorapprove":false,"teachersubjectcheck":false,"authorcheck":false,"authorapprove":false,"teachersubjectapprove":false,"teacheradvisorcomment":"","teachersubjectcomment":"","authorcomment":""},{"date":"2564-11-21","studentFirstName":"Rungruch","studentLastName":"Ruangrong","studentId":"user4","studentYear":"1","studyField":"com","advisor":"usert","address_num":"1","moo":"2","tumbol":"donmueang","amphur":"donmueang1","mobilephone":"0808540443","phone":"","province":"กรุงเทพมหานคร","postcode":"10210","cause":"text","sub_addORrem":"เพิ่ม","subid":"tu103","subname":"test","subsec":"000001","subdate":"11-12","subweight":"1","subprofname":"usert","teacheradvisorcheck":false,"teacheradvisorapprove":false,"teachersubjectcheck":false,"authorcheck":false,"authorapprove":false,"teachersubjectapprove":false,"teacheradvisorcomment":"","teachersubjectcomment":"","authorcomment":""},{"date":"2564-11-21","studentFirstName":"รุ่งรุจ","studentLastName":"เรืองรอง","studentId":"6309681688","studentYear":"2","studyField":"computer","advisor":"เอ นามสกุล","address_num":"1","moo":"2","tumbol":"donmueang","amphur":"donmueang1","mobilephone":"0802350783","phone":"","province":"กรุงเทพมหานคร","postcode":"10210","cause":"sad","sub_addORrem":"เพิ่ม","subid":"tu999","subname":"test","subsec":"000001","subdate":"11-12","subweight":"1","subprofname":"บี นามสกุล","teacheradvisorcheck":false,"teacheradvisorapprove":false,"teachersubjectcheck":false,"authorcheck":false,"authorapprove":false,"teachersubjectapprove":false,"teacheradvisorcomment":"","teachersubjectcomment":"","authorcomment":""},{"date":"2564-11-21","studentFirstName":"name","studentLastName":"print","studentId":"6309681688","studentYear":"2","studyField":"computer","advisor":"เอ นามสกุล","address_num":"1","moo":"2","tumbol":"donmueang","amphur":"donmueang1","mobilephone":"0802350783","phone":"","province":"กรุงเทพมหานคร","postcode":"10210","cause":"sad","sub_addORrem":"เพิ่ม","subid":"tu999","subname":"test","subsec":"000001","subdate":"11-12","subweight":"1","subprofname":"บี นามสกุล","teacheradvisorcheck":true,"teacheradvisorapprove":true,"teachersubjectcheck":true,"authorcheck":true,"authorapprove":true,"teachersubjectapprove":true,"teacheradvisorcomment":"advcomment","teachersubjectcomment":"steachercomment","authorcomment":"authorcomment"},{"date":"2564-11-21","studentFirstName":"name2","studentLastName":"print","studentId":"6309681688","studentYear":"2","studyField":"computer","advisor":"ห นามสกุล","address_num":"1","moo":"2","tumbol":"donmueang","amphur":"donmueang1","mobilephone":"0802350783","phone":"","province":"กรุงเทพมหานคร","postcode":"10210","cause":"sad","sub_addORrem":"เพิ่ม","subid":"tu999","subname":"test2","subsec":"000001","subdate":"11-12","subweight":"1","subprofname":"ฟ นามสกุล","teacheradvisorcheck":true,"teacheradvisorapprove":true,"teachersubjectcheck":true,"authorcheck":true,"authorapprove":true,"teachersubjectapprove":true,"teacheradvisorcomment":"advcomment","teachersubjectcomment":"steachercomment","authorcomment":"authorcomment"}]