[{"TableSubjectList":[{"studentid":"6309681689 ?name=rungruch","year":"1","term":"1","eduyear":"2561","subjectCode":"TU100","subjectName":"CIVIC ENGAGEMENT","subjectSection":"1","subjectDate":"a","middate":"b","finaldate":"c"},{"studentid":"6309681689 ?name=rungruch","year":"2","term":"2","eduyear":"2562","subjectCode":"TU101","subjectName":"THAILAND, ASEAN, AND THE WORLD","subjectSection":"2","subjectDate":"d","middate":"e","finaldate":"f"}]},{"TableSubjectList":[{"studentid":"6309681688","year":"1","term":"1","eduyear":"2564","subjectCode":"CS264","subjectName":"INTRODUCTION TO SOFTWARE ENGINEERING","subjectSection":"1","subjectDate":"a","middate":"b","finaldate":"c"}]},{"TableSubjectList":[{"studentid":"6309681688","year":"1","term":"2","eduyear":"2563","subjectCode":"TU100","subjectName":"CIVIC ENGAGEMENT","subjectSection":"1","subjectDate":"a","middate":"b","finaldate":"c"},{"studentid":"6309681688","year":"2","term":"1","eduyear":"2565","subjectCode":"TU101","subjectName":"THAILAND, ASEAN, AND THE WORLD","subjectSection":"2","subjectDate":"a","middate":"b","finaldate":"c"}]},{"TableSubjectList":[{"studentid":"6309681689","year":"1","term":"2","eduyear":"2560","subjectCode":"TU100","subjectName":"CIVIC ENGAGEMENT","subjectSection":"000001","subjectDate":"a","middate":"a","finaldate":"a"},{"studentid":"6309681689","year":"2","term":"3","eduyear":"2561","subjectCode":"TU101","subjectName":"THAILAND, ASEAN, AND THE WORLD","subjectSection":"000002","subjectDate":"b","middate":"b","finaldate":"b"},{"studentid":"6309681689","year":"3","term":"2","eduyear":"2562","subjectCode":"TU104","subjectName":"CRITICAL THINKING, READING, AND WRITING","subjectSection":"000003","subjectDate":"c","middate":"c","finaldate":"c"},{"studentid":"6309681689","year":"4","term":"3","eduyear":"2563","subjectCode":"TU105","subjectName":"COMMUNICATION SKILLS IN ENGLISH","subjectSection":"000004","subjectDate":"d","middate":"d","finaldate":"d"}]},{"TableSubjectList":[{"studentid":"6309680001","year":"1","term":"1","eduyear":"2563","subjectCode":"TU100","subjectName":"CIVIC ENGAGEMENT","subjectSection":"000001","subjectDate":"13.30-16.30","middate":"a","finaldate":"a"},{"studentid":"6309680001","year":"2","term":"1","eduyear":"2564","subjectCode":"TU101","subjectName":"THAILAND, ASEAN, AND THE WORLD","subjectSection":"000002","subjectDate":"09.30.12.30","middate":"b","finaldate":"b"}]},{"TableSubjectList":[{"studentid":"6309680001","year":"1","term":"2","eduyear":"2563","subjectCode":"TU100","subjectName":"CIVIC ENGAGEMENT","subjectSection":"1","subjectDate":"1","middate":"1","finaldate":"1"}]},{"TableSubjectList":[{"studentid":"6309680001","year":"1","term":"2","eduyear":"2564","subjectCode":"TU100","subjectName":"CIVIC ENGAGEMENT","subjectSection":"000001","subjectDate":"13.30-16.30","middate":"01/10/64","finaldate":"11/12/64"}]},{"TableSubjectList":[{"studentid":"6309680001","year":"1","term":"2","eduyear":"2563","subjectCode":"TU100","subjectName":"CIVIC ENGAGEMENT","subjectSection":"1","subjectDate":"13.30-16.30","middate":"01/10/64","finaldate":"a"},{"studentid":"6309680001","year":"1","term":"1","eduyear":"2565","subjectCode":"TU101","subjectName":"THAILAND, ASEAN, AND THE WORLD","subjectSection":"1","subjectDate":"a","middate":"b","finaldate":"b"}]},{"TableSubjectList":[{"studentid":"112","year":"1","term":"1","eduyear":"2563","subjectCode":"TU100","subjectName":"CIVIC ENGAGEMENT","subjectSection":"000001","subjectDate":"a","middate":"a","finaldate":"a"}]},{"TableSubjectList":[{"studentid":"112","year":"5","term":"3","eduyear":"2560","subjectCode":"tu999","subjectName":"CIVIC ENGAGEMENT","subjectSection":"000001","subjectDate":"a","middate":"b","finaldate":"c"}]},{"TableSubjectList":[{"studentid":"112","year":"2","term":"2","eduyear":"2563","subjectCode":"cs264","subjectName":"kkkuk","subjectSection":"111111","subjectDate":"c","middate":"b","finaldate":"a"}]},{"TableSubjectList":[{"studentid":"null","id":"null","year":"7","term":"1","eduyear":"2563","subjectCode":"tu998","subjectName":"a","subjectSection":"111111","subjectDate":"a","middate":"a","finaldate":"a"}]},{"TableSubjectList":[{"studentid":"112","id":"112","year":"1","term":"1","eduyear":"2566","subjectCode":"tu998","subjectName":"a","subjectSection":"000001","subjectDate":"b","middate":"b","finaldate":"b"}]},{"TableSubjectList":[{"studentid":"221","id":"221","year":"1","term":"1","eduyear":"2560","subjectCode":"TU100","subjectName":"CIVIC ENGAGEMENT","subjectSection":"000001","subjectDate":"13.30-16.30","middate":"f","finaldate":"a"}]},{"TableSubjectList":[{"studentid":"221","id":"221","year":"1","term":"2","eduyear":"2560","subjectCode":"cs111","subjectName":"CIVIC ENGAGEMENT","subjectSection":"000001","subjectDate":"13.30-16.30","middate":"01/10/64","finaldate":"11/12/64"}]},{"TableSubjectList":[{"studentid":"221","year":"2","term":"1","eduyear":"2563","subjectCode":"tu998","subjectName":"CIVIC ENGAGEMENT","subjectSection":"000001","subjectDate":"a","middate":"a","finaldate":"a"}]},{"TableSubjectList":[{"studentid":"user1","year":"1","term":"2","eduyear":"2566","subjectCode":"TU999","subjectName":"user1","subjectSection":"000001","subjectDate":"a","middate":"b","finaldate":"c"}]},{"TableSubjectList":[{"studentid":"user1","year":"1","term":"1","eduyear":"2560","subjectCode":"tu998","subjectName":"user1","subjectSection":"111111","subjectDate":"c","middate":"c","finaldate":"c"}]},{"TableSubjectList":[{"studentid":"221","year":"2","term":"1","eduyear":"2563","subjectCode":"TU543","subjectName":"user221","subjectSection":"000001","subjectDate":"q","middate":"q","finaldate":"q"}]}]